"~id",~label,~from,~to,Date:Date
User96TweetsTweet1556,Tweets,96,1556,2016-12-349
User88TweetsTweet482,Tweets,88,482,2016-11-320
User135TweetsTweet1325,Tweets,135,1325,2016-03-65
User27TweetsTweet1464,Tweets,27,1464,2016-03-65
User115TweetsTweet548,Tweets,115,548,2015-09-247
User55TweetsTweet433,Tweets,55,433,2016-01-22
User129TweetsTweet1562,Tweets,129,1562,2015-08-215
User65TweetsTweet714,Tweets,65,714,2015-08-228
User37TweetsTweet752,Tweets,37,752,2015-03-84
User8TweetsTweet372,Tweets,8,372,2016-12-360
User103TweetsTweet412,Tweets,103,412,2016-02-52
User138TweetsTweet475,Tweets,138,475,2015-12-350
User81TweetsTweet616,Tweets,81,616,2015-03-73
User81TweetsTweet712,Tweets,81,712,2015-09-252
User100TweetsTweet470,Tweets,100,470,2016-05-145
User46TweetsTweet346,Tweets,46,346,2015-09-265
User90TweetsTweet334,Tweets,90,334,2015-07-202
User138TweetsTweet1513,Tweets,138,1513,2015-06-167
User22TweetsTweet1209,Tweets,22,1209,2015-12-363
User28TweetsTweet210,Tweets,28,210,2015-02-49
User112TweetsTweet273,Tweets,112,273,2015-02-45
User11TweetsTweet1228,Tweets,11,1228,2016-12-343
User126TweetsTweet229,Tweets,126,229,2015-02-47
User114TweetsTweet1403,Tweets,114,1403,2015-10-276
User86TweetsTweet646,Tweets,86,646,2016-09-246
User13TweetsTweet1429,Tweets,13,1429,2015-05-149
User104TweetsTweet1066,Tweets,104,1066,2016-12-365
User13TweetsTweet694,Tweets,13,694,2015-06-154
User88TweetsTweet315,Tweets,88,315,2016-01-04
User140TweetsTweet838,Tweets,140,838,2016-09-266
User41TweetsTweet610,Tweets,41,610,2015-07-209
User122TweetsTweet221,Tweets,122,221,2016-05-148
User132TweetsTweet1093,Tweets,132,1093,2015-08-234
User118TweetsTweet1073,Tweets,118,1073,2015-10-274
User92TweetsTweet851,Tweets,92,851,2015-06-177
User31TweetsTweet1086,Tweets,31,1086,2016-11-330
User12TweetsTweet1578,Tweets,12,1578,2016-09-264
User27TweetsTweet880,Tweets,27,880,2016-04-93
User130TweetsTweet933,Tweets,130,933,2015-03-73
User32TweetsTweet840,Tweets,32,840,2016-04-95
User86TweetsTweet197,Tweets,86,197,2016-10-285
User98TweetsTweet1155,Tweets,98,1155,2015-01-22
User102TweetsTweet1419,Tweets,102,1419,2016-11-306
User97TweetsTweet1620,Tweets,97,1620,2015-04-103
User110TweetsTweet681,Tweets,110,681,2016-01-18
User21TweetsTweet538,Tweets,21,538,2015-05-130
User35TweetsTweet362,Tweets,35,362,2016-09-266
User132TweetsTweet1168,Tweets,132,1168,2016-09-257
User61TweetsTweet423,Tweets,61,423,2016-07-190
User23TweetsTweet619,Tweets,23,619,2016-01-20
User123TweetsTweet1350,Tweets,123,1350,2016-10-299
User16TweetsTweet1061,Tweets,16,1061,2015-06-157
User58TweetsTweet870,Tweets,58,870,2016-03-74
User3TweetsTweet832,Tweets,3,832,2015-11-318
User76TweetsTweet230,Tweets,76,230,2015-02-48
User105TweetsTweet1162,Tweets,105,1162,2016-05-143
User94TweetsTweet541,Tweets,94,541,2016-05-146
User35TweetsTweet946,Tweets,35,946,2016-02-34
User77TweetsTweet931,Tweets,77,931,2015-05-148
User101TweetsTweet745,Tweets,101,745,2015-10-291
User69TweetsTweet1224,Tweets,69,1224,2016-07-186
User107TweetsTweet1151,Tweets,107,1151,2015-11-333
User6TweetsTweet746,Tweets,6,746,2015-08-223
User3TweetsTweet754,Tweets,3,754,2015-12-356
User125TweetsTweet1207,Tweets,125,1207,2016-06-180
User132TweetsTweet279,Tweets,132,279,2016-12-349
User124TweetsTweet409,Tweets,124,409,2016-03-68
User124TweetsTweet655,Tweets,124,655,2015-02-36
User34TweetsTweet1437,Tweets,34,1437,2015-05-128
User79TweetsTweet830,Tweets,79,830,2016-11-318
User47TweetsTweet831,Tweets,47,831,2016-10-292
User19TweetsTweet1201,Tweets,19,1201,2016-11-318
User87TweetsTweet636,Tweets,87,636,2015-01-16
User68TweetsTweet848,Tweets,68,848,2015-05-122
User108TweetsTweet535,Tweets,108,535,2015-11-321
User15TweetsTweet1269,Tweets,15,1269,2015-03-69
User125TweetsTweet1449,Tweets,125,1449,2016-04-110
User27TweetsTweet1050,Tweets,27,1050,2015-08-228
User100TweetsTweet828,Tweets,100,828,2015-08-214
User27TweetsTweet269,Tweets,27,269,2016-12-340
User95TweetsTweet968,Tweets,95,968,2015-07-195
User44TweetsTweet477,Tweets,44,477,2015-03-69
User80TweetsTweet465,Tweets,80,465,2015-08-218
User141TweetsTweet403,Tweets,141,403,2015-04-108
User25TweetsTweet1215,Tweets,25,1215,2016-09-251
User51TweetsTweet1255,Tweets,51,1255,2016-01-19
User109TweetsTweet1401,Tweets,109,1401,2016-02-37
User115TweetsTweet198,Tweets,115,198,2015-02-42
User63TweetsTweet1439,Tweets,63,1439,2015-09-259
User75TweetsTweet974,Tweets,75,974,2015-06-161
User67TweetsTweet1003,Tweets,67,1003,2016-02-42
User36TweetsTweet385,Tweets,36,385,2015-05-122
User4TweetsTweet1479,Tweets,4,1479,2016-05-129
User65TweetsTweet910,Tweets,65,910,2015-01-05
User58TweetsTweet1373,Tweets,58,1373,2015-08-225
User129TweetsTweet1626,Tweets,129,1626,2016-07-210
User94TweetsTweet1647,Tweets,94,1647,2015-12-356
User86TweetsTweet948,Tweets,86,948,2015-02-46
User90TweetsTweet550,Tweets,90,550,2016-09-265
User91TweetsTweet342,Tweets,91,342,2015-04-116
User115TweetsTweet1366,Tweets,115,1366,2016-03-88
User10TweetsTweet753,Tweets,10,753,2016-04-109
User35TweetsTweet1034,Tweets,35,1034,2015-07-198
User34TweetsTweet1120,Tweets,34,1120,2016-08-237
User35TweetsTweet1558,Tweets,35,1558,2016-09-266
User38TweetsTweet645,Tweets,38,645,2015-04-107
User24TweetsTweet286,Tweets,24,286,2016-02-55
User39TweetsTweet727,Tweets,39,727,2015-03-60
User52TweetsTweet459,Tweets,52,459,2016-11-335
User79TweetsTweet812,Tweets,79,812,2015-04-101
User67TweetsTweet1581,Tweets,67,1581,2015-08-225
User136TweetsTweet891,Tweets,136,891,2016-04-113
User80TweetsTweet152,Tweets,80,152,2016-03-61
User75TweetsTweet780,Tweets,75,780,2016-06-161
User82TweetsTweet336,Tweets,82,336,2016-06-169
User58TweetsTweet255,Tweets,58,255,2016-12-336
User72TweetsTweet205,Tweets,72,205,2016-09-258
User60TweetsTweet1081,Tweets,60,1081,2016-07-204
User9TweetsTweet1214,Tweets,9,1214,2015-09-253
User73TweetsTweet1241,Tweets,73,1241,2016-08-232
User77TweetsTweet994,Tweets,77,994,2015-08-230
User144TweetsTweet765,Tweets,144,765,2016-02-59
User93TweetsTweet1432,Tweets,93,1432,2016-01-04
User95TweetsTweet410,Tweets,95,410,2016-03-87
User103TweetsTweet1304,Tweets,103,1304,2016-12-352
User126TweetsTweet1270,Tweets,126,1270,2015-06-172
User144TweetsTweet354,Tweets,144,354,2015-02-36
User130TweetsTweet987,Tweets,130,987,2015-09-248
User135TweetsTweet1491,Tweets,135,1491,2016-04-107
User42TweetsTweet954,Tweets,42,954,2016-06-170
User80TweetsTweet1298,Tweets,80,1298,2015-05-121
User16TweetsTweet546,Tweets,16,546,2015-01-16
User76TweetsTweet921,Tweets,76,921,2016-08-234
User87TweetsTweet252,Tweets,87,252,2016-04-119
User138TweetsTweet761,Tweets,138,761,2015-06-165
User78TweetsTweet163,Tweets,78,163,2015-08-236
User19TweetsTweet742,Tweets,19,742,2015-04-103
User99TweetsTweet794,Tweets,99,794,2015-11-321
User54TweetsTweet1386,Tweets,54,1386,2016-11-315
User137TweetsTweet251,Tweets,137,251,2015-11-326
User125TweetsTweet1604,Tweets,125,1604,2015-09-269
User80TweetsTweet1320,Tweets,80,1320,2015-08-230
User92TweetsTweet1268,Tweets,92,1268,2015-10-274
User135TweetsTweet989,Tweets,135,989,2016-12-344
User139TweetsTweet1533,Tweets,139,1533,2016-09-259
User3TweetsTweet1495,Tweets,3,1495,2016-07-192
User130TweetsTweet1234,Tweets,130,1234,2015-08-231
User144TweetsTweet1372,Tweets,144,1372,2016-12-344
User142TweetsTweet1517,Tweets,142,1517,2016-05-122
User17TweetsTweet511,Tweets,17,511,2015-11-329
User145TweetsTweet1068,Tweets,145,1068,2016-10-282
User18TweetsTweet697,Tweets,18,697,2016-07-206
User130TweetsTweet250,Tweets,130,250,2016-05-133
User140TweetsTweet1250,Tweets,140,1250,2016-11-326
User88TweetsTweet256,Tweets,88,256,2015-07-205
User70TweetsTweet263,Tweets,70,263,2016-10-276
User53TweetsTweet1080,Tweets,53,1080,2016-05-126
User111TweetsTweet1460,Tweets,111,1460,2016-12-357
User52TweetsTweet844,Tweets,52,844,2015-01-11
User109TweetsTweet1016,Tweets,109,1016,2016-08-238
User118TweetsTweet810,Tweets,118,810,2016-09-257
User75TweetsTweet227,Tweets,75,227,2016-07-210
User76TweetsTweet1552,Tweets,76,1552,2015-04-98
User117TweetsTweet1639,Tweets,117,1639,2016-04-119
User8TweetsTweet1330,Tweets,8,1330,2015-07-189
User123TweetsTweet399,Tweets,123,399,2016-04-118
User40TweetsTweet1110,Tweets,40,1110,2015-04-112
User148TweetsTweet570,Tweets,148,570,2015-05-149
User130TweetsTweet1448,Tweets,130,1448,2016-10-276
User141TweetsTweet638,Tweets,141,638,2015-07-208
User140TweetsTweet1178,Tweets,140,1178,2015-08-231
User27TweetsTweet1340,Tweets,27,1340,2016-12-352
User105TweetsTweet1424,Tweets,105,1424,2016-10-301
User41TweetsTweet1541,Tweets,41,1541,2016-02-42
User76TweetsTweet1622,Tweets,76,1622,2016-07-205
User78TweetsTweet962,Tweets,78,962,2015-01-09
User8TweetsTweet656,Tweets,8,656,2016-02-33
User146TweetsTweet1239,Tweets,146,1239,2015-09-263
User119TweetsTweet170,Tweets,119,170,2016-11-330
User70TweetsTweet684,Tweets,70,684,2016-08-241
User142TweetsTweet611,Tweets,142,611,2015-10-303
User60TweetsTweet1387,Tweets,60,1387,2016-11-326
User131TweetsTweet732,Tweets,131,732,2015-03-75
User2TweetsTweet887,Tweets,2,887,2015-07-203
User121TweetsTweet1450,Tweets,121,1450,2015-02-35
User73TweetsTweet1466,Tweets,73,1466,2015-06-159
User34TweetsTweet743,Tweets,34,743,2015-06-169
User62TweetsTweet1561,Tweets,62,1561,2016-06-181
User127TweetsTweet1522,Tweets,127,1522,2015-08-241
User134TweetsTweet344,Tweets,134,344,2015-11-327
User99TweetsTweet588,Tweets,99,588,2016-08-232
User82TweetsTweet903,Tweets,82,903,2016-07-192
User58TweetsTweet478,Tweets,58,478,2015-04-110
User90TweetsTweet1088,Tweets,90,1088,2016-05-152
User137TweetsTweet1173,Tweets,137,1173,2016-03-66
User76TweetsTweet1634,Tweets,76,1634,2015-03-67
User14TweetsTweet784,Tweets,14,784,2016-08-234
User71TweetsTweet448,Tweets,71,448,2016-09-272
User31TweetsTweet1153,Tweets,31,1153,2015-12-357
User40TweetsTweet539,Tweets,40,539,2015-05-127
User31TweetsTweet1246,Tweets,31,1246,2016-08-237
User137TweetsTweet1124,Tweets,137,1124,2016-02-51
User126TweetsTweet384,Tweets,126,384,2016-04-112
User124TweetsTweet1573,Tweets,124,1573,2016-10-277
User9TweetsTweet436,Tweets,9,436,2016-05-131
User4TweetsTweet185,Tweets,4,185,2016-10-277
User145TweetsTweet1412,Tweets,145,1412,2016-02-50
User145TweetsTweet284,Tweets,145,284,2016-07-207
User72TweetsTweet1467,Tweets,72,1467,2016-11-335
User44TweetsTweet1189,Tweets,44,1189,2016-03-84
User75TweetsTweet455,Tweets,75,455,2015-11-324
User61TweetsTweet1536,Tweets,61,1536,2015-04-110
User113TweetsTweet379,Tweets,113,379,2016-12-347
User45TweetsTweet1551,Tweets,45,1551,2016-06-166
User111TweetsTweet234,Tweets,111,234,2016-09-258
User149TweetsTweet922,Tweets,149,922,2015-09-247
User140TweetsTweet261,Tweets,140,261,2016-04-119
User35TweetsTweet347,Tweets,35,347,2016-06-168
User1TweetsTweet489,Tweets,1,489,2016-11-325
User8TweetsTweet1532,Tweets,8,1532,2015-03-74
User96TweetsTweet1598,Tweets,96,1598,2015-01-11
User89TweetsTweet1396,Tweets,89,1396,2016-06-177
User145TweetsTweet1587,Tweets,145,1587,2015-12-365
User26TweetsTweet171,Tweets,26,171,2016-10-287
User119TweetsTweet561,Tweets,119,561,2015-01-05
User20TweetsTweet1336,Tweets,20,1336,2016-06-160
User114TweetsTweet1119,Tweets,114,1119,2016-10-282
User59TweetsTweet438,Tweets,59,438,2016-11-328
User42TweetsTweet580,Tweets,42,580,2016-09-252
User110TweetsTweet1177,Tweets,110,1177,2015-04-106
User35TweetsTweet1166,Tweets,35,1166,2015-05-150
User57TweetsTweet916,Tweets,57,916,2015-07-202
User141TweetsTweet337,Tweets,141,337,2016-08-226
User7TweetsTweet366,Tweets,7,366,2016-10-280
User127TweetsTweet1290,Tweets,127,1290,2015-06-169
User122TweetsTweet377,Tweets,122,377,2015-09-264
User29TweetsTweet1109,Tweets,29,1109,2016-08-216
User66TweetsTweet833,Tweets,66,833,2016-07-186
User118TweetsTweet1134,Tweets,118,1134,2015-05-151
User26TweetsTweet795,Tweets,26,795,2015-10-276
User87TweetsTweet957,Tweets,87,957,2016-06-167
User98TweetsTweet1278,Tweets,98,1278,2015-08-222
User110TweetsTweet153,Tweets,110,153,2015-05-148
User93TweetsTweet1021,Tweets,93,1021,2016-12-356
User38TweetsTweet1445,Tweets,38,1445,2015-07-201
User43TweetsTweet1200,Tweets,43,1200,2015-05-123
User91TweetsTweet376,Tweets,91,376,2015-08-234
User42TweetsTweet866,Tweets,42,866,2016-01-26
User129TweetsTweet1501,Tweets,129,1501,2016-10-292
User72TweetsTweet896,Tweets,72,896,2016-05-140
User62TweetsTweet1051,Tweets,62,1051,2015-10-289
User112TweetsTweet623,Tweets,112,623,2015-02-45
User126TweetsTweet1265,Tweets,126,1265,2015-02-58
User109TweetsTweet349,Tweets,109,349,2015-02-42
User12TweetsTweet1055,Tweets,12,1055,2016-08-223
User11TweetsTweet513,Tweets,11,513,2015-03-63
User144TweetsTweet783,Tweets,144,783,2015-12-346
User118TweetsTweet950,Tweets,118,950,2015-10-300
User41TweetsTweet1035,Tweets,41,1035,2016-11-334
User66TweetsTweet1506,Tweets,66,1506,2015-09-253
User116TweetsTweet1425,Tweets,116,1425,2015-11-311
User4TweetsTweet688,Tweets,4,688,2015-03-64
User36TweetsTweet1526,Tweets,36,1526,2015-10-293
User43TweetsTweet1069,Tweets,43,1069,2016-11-308
User98TweetsTweet1024,Tweets,98,1024,2016-11-316
User109TweetsTweet967,Tweets,109,967,2015-10-287
User43TweetsTweet583,Tweets,43,583,2015-02-47
User31TweetsTweet1456,Tweets,31,1456,2016-03-77
User86TweetsTweet339,Tweets,86,339,2015-12-365
User133TweetsTweet1505,Tweets,133,1505,2015-11-319
User9TweetsTweet976,Tweets,9,976,2016-10-300
User27TweetsTweet992,Tweets,27,992,2016-01-22
User64TweetsTweet566,Tweets,64,566,2015-05-135
User102TweetsTweet1128,Tweets,102,1128,2015-03-80
User93TweetsTweet1030,Tweets,93,1030,2016-12-363
User38TweetsTweet1266,Tweets,38,1266,2015-08-235
User117TweetsTweet1402,Tweets,117,1402,2016-08-233
User64TweetsTweet770,Tweets,64,770,2015-10-304
User67TweetsTweet223,Tweets,67,223,2016-04-117
User71TweetsTweet1395,Tweets,71,1395,2015-03-87
User122TweetsTweet368,Tweets,122,368,2016-05-138
User125TweetsTweet181,Tweets,125,181,2016-08-214
User98TweetsTweet1408,Tweets,98,1408,2016-07-209
User132TweetsTweet168,Tweets,132,168,2015-12-358
User130TweetsTweet476,Tweets,130,476,2015-03-62
User144TweetsTweet1063,Tweets,144,1063,2016-09-258
User55TweetsTweet389,Tweets,55,389,2016-02-35
User149TweetsTweet1623,Tweets,149,1623,2015-10-287
User23TweetsTweet1343,Tweets,23,1343,2016-04-93
User141TweetsTweet1116,Tweets,141,1116,2016-08-225
User22TweetsTweet1009,Tweets,22,1009,2016-07-185
User13TweetsTweet309,Tweets,13,309,2015-06-163
User93TweetsTweet661,Tweets,93,661,2016-01-23
User109TweetsTweet731,Tweets,109,731,2016-05-123
User72TweetsTweet594,Tweets,72,594,2016-09-257
User7TweetsTweet674,Tweets,7,674,2016-09-255
User46TweetsTweet885,Tweets,46,885,2016-09-270
User120TweetsTweet1545,Tweets,120,1545,2015-10-289
User4TweetsTweet1579,Tweets,4,1579,2015-03-84
User143TweetsTweet1353,Tweets,143,1353,2015-03-74
User23TweetsTweet1504,Tweets,23,1504,2015-02-33
User130TweetsTweet877,Tweets,130,877,2016-10-276
User71TweetsTweet1259,Tweets,71,1259,2015-07-206
User89TweetsTweet297,Tweets,89,297,2015-01-31
User115TweetsTweet239,Tweets,115,239,2015-04-97
User137TweetsTweet311,Tweets,137,311,2015-12-338
User130TweetsTweet799,Tweets,130,799,2016-08-230
User77TweetsTweet1542,Tweets,77,1542,2015-01-24
User14TweetsTweet487,Tweets,14,487,2015-03-75
User132TweetsTweet750,Tweets,132,750,2016-04-102
User37TweetsTweet1641,Tweets,37,1641,2016-03-69
User1TweetsTweet371,Tweets,1,371,2016-10-283
User146TweetsTweet800,Tweets,146,800,2016-09-261
User37TweetsTweet219,Tweets,37,219,2015-02-44
User130TweetsTweet440,Tweets,130,440,2016-10-304
User65TweetsTweet977,Tweets,65,977,2016-10-297
User23TweetsTweet1112,Tweets,23,1112,2016-12-341
User44TweetsTweet296,Tweets,44,296,2016-05-129
User26TweetsTweet1187,Tweets,26,1187,2015-04-95
User35TweetsTweet1193,Tweets,35,1193,2016-03-75
User116TweetsTweet806,Tweets,116,806,2016-10-292
User105TweetsTweet1198,Tweets,105,1198,2016-04-103
User48TweetsTweet506,Tweets,48,506,2015-01-25
User140TweetsTweet573,Tweets,140,573,2015-04-111
User55TweetsTweet320,Tweets,55,320,2016-11-328
User149TweetsTweet1271,Tweets,149,1271,2016-12-362
User22TweetsTweet154,Tweets,22,154,2015-09-248
User70TweetsTweet581,Tweets,70,581,2016-04-96
User49TweetsTweet402,Tweets,49,402,2016-12-350
User76TweetsTweet1431,Tweets,76,1431,2015-10-276
User90TweetsTweet283,Tweets,90,283,2015-07-203
User44TweetsTweet1427,Tweets,44,1427,2016-01-26
User49TweetsTweet952,Tweets,49,952,2016-08-236
User98TweetsTweet453,Tweets,98,453,2016-06-155
User87TweetsTweet248,Tweets,87,248,2016-08-227
User106TweetsTweet217,Tweets,106,217,2015-06-180
User124TweetsTweet528,Tweets,124,528,2016-09-264
User53TweetsTweet624,Tweets,53,624,2015-07-196
User110TweetsTweet295,Tweets,110,295,2016-07-201
User149TweetsTweet1013,Tweets,149,1013,2016-06-164
User39TweetsTweet1272,Tweets,39,1272,2015-02-36
User29TweetsTweet590,Tweets,29,590,2015-11-321
User146TweetsTweet457,Tweets,146,457,2015-07-199
User139TweetsTweet902,Tweets,139,902,2015-04-95
User99TweetsTweet1361,Tweets,99,1361,2015-11-317
User71TweetsTweet604,Tweets,71,604,2015-11-316
User42TweetsTweet589,Tweets,42,589,2015-04-101
User97TweetsTweet435,Tweets,97,435,2015-12-344
User83TweetsTweet1180,Tweets,83,1180,2015-03-68
User90TweetsTweet1592,Tweets,90,1592,2015-03-87
User72TweetsTweet1182,Tweets,72,1182,2016-02-58
User117TweetsTweet407,Tweets,117,407,2016-12-351
User27TweetsTweet782,Tweets,27,782,2015-06-176
User114TweetsTweet1530,Tweets,114,1530,2015-01-26
User131TweetsTweet201,Tweets,131,201,2015-01-29
User24TweetsTweet1560,Tweets,24,1560,2016-08-219
User90TweetsTweet1589,Tweets,90,1589,2016-10-291
User100TweetsTweet483,Tweets,100,483,2015-04-116
User54TweetsTweet1220,Tweets,54,1220,2016-02-47
User100TweetsTweet208,Tweets,100,208,2015-06-175
User103TweetsTweet766,Tweets,103,766,2016-08-240
User79TweetsTweet856,Tweets,79,856,2016-08-242
User48TweetsTweet653,Tweets,48,653,2015-05-136
User99TweetsTweet1483,Tweets,99,1483,2015-06-181
User111TweetsTweet797,Tweets,111,797,2015-10-302
User143TweetsTweet285,Tweets,143,285,2016-05-135
User67TweetsTweet277,Tweets,67,277,2016-12-352
User75TweetsTweet557,Tweets,75,557,2016-10-292
User122TweetsTweet1046,Tweets,122,1046,2016-02-51
User30TweetsTweet177,Tweets,30,177,2016-04-114
User131TweetsTweet943,Tweets,131,943,2016-01-22
User12TweetsTweet257,Tweets,12,257,2015-12-335
User65TweetsTweet1352,Tweets,65,1352,2015-09-268
User93TweetsTweet1472,Tweets,93,1472,2015-04-97
User68TweetsTweet809,Tweets,68,809,2016-09-264
User139TweetsTweet879,Tweets,139,879,2015-02-54
User46TweetsTweet267,Tweets,46,267,2015-02-40
User80TweetsTweet862,Tweets,80,862,2015-10-277
User35TweetsTweet826,Tweets,35,826,2016-05-134
User74TweetsTweet167,Tweets,74,167,2016-05-125
User16TweetsTweet575,Tweets,16,575,2016-10-301
User18TweetsTweet670,Tweets,18,670,2015-03-85
User80TweetsTweet1389,Tweets,80,1389,2016-07-208
User15TweetsTweet380,Tweets,15,380,2016-08-237
User3TweetsTweet875,Tweets,3,875,2015-09-248
User146TweetsTweet249,Tweets,146,249,2015-09-245
User41TweetsTweet996,Tweets,41,996,2015-11-334
User144TweetsTweet1411,Tweets,144,1411,2015-07-182
User26TweetsTweet1096,Tweets,26,1096,2015-01-12
User22TweetsTweet1358,Tweets,22,1358,2016-07-196
User95TweetsTweet552,Tweets,95,552,2016-03-87
User114TweetsTweet1543,Tweets,114,1543,2016-02-33
User18TweetsTweet418,Tweets,18,418,2015-04-101
User55TweetsTweet375,Tweets,55,375,2016-05-132
User112TweetsTweet775,Tweets,112,775,2016-04-100
User104TweetsTweet984,Tweets,104,984,2015-05-129
User87TweetsTweet1642,Tweets,87,1642,2016-11-314
User51TweetsTweet1089,Tweets,51,1089,2016-03-83
User135TweetsTweet1231,Tweets,135,1231,2016-11-318
User11TweetsTweet484,Tweets,11,484,2015-10-304
User100TweetsTweet719,Tweets,100,719,2015-08-218
User111TweetsTweet381,Tweets,111,381,2016-11-310
User14TweetsTweet852,Tweets,14,852,2015-06-164
User25TweetsTweet178,Tweets,25,178,2015-07-182
User34TweetsTweet1348,Tweets,34,1348,2015-10-293
User16TweetsTweet651,Tweets,16,651,2016-02-40
User96TweetsTweet290,Tweets,96,290,2015-04-118
User146TweetsTweet236,Tweets,146,236,2016-07-193
User21TweetsTweet602,Tweets,21,602,2015-07-185
User136TweetsTweet358,Tweets,136,358,2015-05-126
User97TweetsTweet1611,Tweets,97,1611,2015-04-107
User118TweetsTweet755,Tweets,118,755,2015-12-358
User108TweetsTweet1285,Tweets,108,1285,2016-06-168
User37TweetsTweet1125,Tweets,37,1125,2015-01-27
User35TweetsTweet430,Tweets,35,430,2016-09-268
User78TweetsTweet637,Tweets,78,637,2016-09-256
User75TweetsTweet232,Tweets,75,232,2016-08-225
User17TweetsTweet981,Tweets,17,981,2016-04-96
User55TweetsTweet1523,Tweets,55,1523,2016-04-121
User50TweetsTweet1105,Tweets,50,1105,2016-06-160
User26TweetsTweet1324,Tweets,26,1324,2015-11-316
User12TweetsTweet701,Tweets,12,701,2015-04-113
User22TweetsTweet1261,Tweets,22,1261,2015-10-286
User11TweetsTweet485,Tweets,11,485,2015-01-13
User44TweetsTweet1052,Tweets,44,1052,2015-11-325
User81TweetsTweet1428,Tweets,81,1428,2015-03-82
User39TweetsTweet622,Tweets,39,622,2016-05-139
User54TweetsTweet1461,Tweets,54,1461,2015-12-335
User7TweetsTweet827,Tweets,7,827,2016-05-124
User100TweetsTweet1310,Tweets,100,1310,2015-12-364
User16TweetsTweet157,Tweets,16,157,2015-08-241
User89TweetsTweet1559,Tweets,89,1559,2016-02-41
User94TweetsTweet958,Tweets,94,958,2015-05-135
User78TweetsTweet378,Tweets,78,378,2015-01-13
User61TweetsTweet186,Tweets,61,186,2015-08-223
User51TweetsTweet275,Tweets,51,275,2016-01-20
User146TweetsTweet428,Tweets,146,428,2016-07-193
User76TweetsTweet1376,Tweets,76,1376,2016-10-298
User113TweetsTweet890,Tweets,113,890,2015-02-50
User33TweetsTweet928,Tweets,33,928,2016-06-153
User3TweetsTweet584,Tweets,3,584,2015-10-302
User128TweetsTweet929,Tweets,128,929,2015-08-239
User41TweetsTweet1194,Tweets,41,1194,2016-09-264
User70TweetsTweet1079,Tweets,70,1079,2016-03-72
User132TweetsTweet1253,Tweets,132,1253,2016-11-321
User118TweetsTweet1306,Tweets,118,1306,2015-10-282
User6TweetsTweet1047,Tweets,6,1047,2016-03-79
User93TweetsTweet585,Tweets,93,585,2015-06-172
User126TweetsTweet1312,Tweets,126,1312,2015-03-84
User59TweetsTweet396,Tweets,59,396,2015-10-300
User92TweetsTweet1064,Tweets,92,1064,2016-07-184
User105TweetsTweet1588,Tweets,105,1588,2015-02-35
User71TweetsTweet1007,Tweets,71,1007,2015-11-331
User49TweetsTweet1585,Tweets,49,1585,2015-12-348
User105TweetsTweet350,Tweets,105,350,2015-01-08
User72TweetsTweet1094,Tweets,72,1094,2015-09-264
User59TweetsTweet1212,Tweets,59,1212,2016-11-330
User60TweetsTweet1267,Tweets,60,1267,2015-03-89
User63TweetsTweet321,Tweets,63,321,2016-12-360
User134TweetsTweet702,Tweets,134,702,2016-08-236
User35TweetsTweet540,Tweets,35,540,2015-02-41
User97TweetsTweet1111,Tweets,97,1111,2016-01-20
User107TweetsTweet424,Tweets,107,424,2015-05-124
User123TweetsTweet316,Tweets,123,316,2016-01-08
User53TweetsTweet894,Tweets,53,894,2016-12-351
User100TweetsTweet1296,Tweets,100,1296,2015-11-321
User100TweetsTweet264,Tweets,100,264,2016-11-329
User145TweetsTweet847,Tweets,145,847,2015-02-38
User10TweetsTweet1515,Tweets,10,1515,2015-03-80
User37TweetsTweet926,Tweets,37,926,2016-01-08
User143TweetsTweet1458,Tweets,143,1458,2015-11-329
User90TweetsTweet363,Tweets,90,363,2016-06-160
User2TweetsTweet338,Tweets,2,338,2016-10-285
User24TweetsTweet1405,Tweets,24,1405,2015-08-229
User48TweetsTweet1152,Tweets,48,1152,2015-04-116
User43TweetsTweet1235,Tweets,43,1235,2016-11-327
User49TweetsTweet970,Tweets,49,970,2015-11-312
User146TweetsTweet1161,Tweets,146,1161,2016-03-68
User149TweetsTweet692,Tweets,149,692,2016-04-92
User38TweetsTweet600,Tweets,38,600,2016-10-297
User138TweetsTweet1140,Tweets,138,1140,2015-11-327
User120TweetsTweet1500,Tweets,120,1500,2015-07-187
User89TweetsTweet353,Tweets,89,353,2016-08-224
User132TweetsTweet730,Tweets,132,730,2016-12-351
User79TweetsTweet1510,Tweets,79,1510,2015-12-335
User27TweetsTweet226,Tweets,27,226,2016-03-61
User83TweetsTweet1135,Tweets,83,1135,2016-02-48
User141TweetsTweet176,Tweets,141,176,2015-03-90
User93TweetsTweet1344,Tweets,93,1344,2015-12-347
User80TweetsTweet241,Tweets,80,241,2016-07-210
User54TweetsTweet1258,Tweets,54,1258,2016-05-124
User84TweetsTweet679,Tweets,84,679,2016-08-237
User74TweetsTweet1554,Tweets,74,1554,2015-09-260
User128TweetsTweet1032,Tweets,128,1032,2015-05-148
User97TweetsTweet1247,Tweets,97,1247,2016-11-317
User138TweetsTweet1548,Tweets,138,1548,2015-04-96
User58TweetsTweet1540,Tweets,58,1540,2016-04-95
User106TweetsTweet726,Tweets,106,726,2016-08-227
User113TweetsTweet245,Tweets,113,245,2016-10-283
User29TweetsTweet1421,Tweets,29,1421,2016-11-318
User93TweetsTweet1630,Tweets,93,1630,2015-04-108
User78TweetsTweet1574,Tweets,78,1574,2015-07-199
User32TweetsTweet1438,Tweets,32,1438,2015-11-331
User87TweetsTweet270,Tweets,87,270,2016-01-25
User35TweetsTweet937,Tweets,35,937,2015-12-365
User141TweetsTweet597,Tweets,141,597,2015-05-127
User100TweetsTweet1044,Tweets,100,1044,2016-06-159
User23TweetsTweet961,Tweets,23,961,2015-12-339
User6TweetsTweet823,Tweets,6,823,2016-06-164
User21TweetsTweet387,Tweets,21,387,2016-03-79
User106TweetsTweet817,Tweets,106,817,2015-09-259
User1TweetsTweet1221,Tweets,1,1221,2016-04-117
User124TweetsTweet265,Tweets,124,265,2015-03-69
User115TweetsTweet841,Tweets,115,841,2016-09-258
User39TweetsTweet1020,Tweets,39,1020,2015-01-21
User92TweetsTweet1040,Tweets,92,1040,2015-06-161
User34TweetsTweet155,Tweets,34,155,2016-12-360
User13TweetsTweet268,Tweets,13,268,2015-02-57
User106TweetsTweet779,Tweets,106,779,2016-04-101
User22TweetsTweet417,Tweets,22,417,2016-09-246
User80TweetsTweet607,Tweets,80,607,2015-01-22
User20TweetsTweet939,Tweets,20,939,2016-09-260
User87TweetsTweet225,Tweets,87,225,2015-05-141
User19TweetsTweet1328,Tweets,19,1328,2015-04-104
User133TweetsTweet1538,Tweets,133,1538,2015-04-92
User31TweetsTweet1474,Tweets,31,1474,2015-03-63
User86TweetsTweet370,Tweets,86,370,2015-03-68
User59TweetsTweet721,Tweets,59,721,2015-08-218
User49TweetsTweet1260,Tweets,49,1260,2015-12-339
User17TweetsTweet1498,Tweets,17,1498,2016-02-46
User46TweetsTweet1338,Tweets,46,1338,2016-01-28
User113TweetsTweet551,Tweets,113,551,2016-08-234
User112TweetsTweet1291,Tweets,112,1291,2015-09-265
User13TweetsTweet1083,Tweets,13,1083,2016-09-250
User49TweetsTweet1322,Tweets,49,1322,2016-12-365
User58TweetsTweet618,Tweets,58,618,2015-06-170
User132TweetsTweet209,Tweets,132,209,2015-06-171
User9TweetsTweet668,Tweets,9,668,2016-01-30
User46TweetsTweet918,Tweets,46,918,2015-02-52
User59TweetsTweet696,Tweets,59,696,2016-08-242
User119TweetsTweet1295,Tweets,119,1295,2015-09-246
User59TweetsTweet908,Tweets,59,908,2016-10-279
User59TweetsTweet1394,Tweets,59,1394,2015-08-217
User43TweetsTweet555,Tweets,43,555,2016-11-318
User104TweetsTweet1367,Tweets,104,1367,2015-09-258
User66TweetsTweet213,Tweets,66,213,2015-09-272
User33TweetsTweet1463,Tweets,33,1463,2015-01-31
User52TweetsTweet199,Tweets,52,199,2016-10-287
User80TweetsTweet975,Tweets,80,975,2016-01-01
User71TweetsTweet882,Tweets,71,882,2015-06-152
User32TweetsTweet776,Tweets,32,776,2015-05-137
User15TweetsTweet1257,Tweets,15,1257,2016-02-51
User98TweetsTweet1176,Tweets,98,1176,2016-09-267
User20TweetsTweet648,Tweets,20,648,2016-10-277
User2TweetsTweet498,Tweets,2,498,2015-06-171
User81TweetsTweet1282,Tweets,81,1282,2016-10-304
User87TweetsTweet912,Tweets,87,912,2016-10-286
User79TweetsTweet1276,Tweets,79,1276,2016-08-227
User114TweetsTweet1070,Tweets,114,1070,2016-02-50
User50TweetsTweet504,Tweets,50,504,2015-02-54
User89TweetsTweet469,Tweets,89,469,2015-05-132
User68TweetsTweet945,Tweets,68,945,2015-08-229
User4TweetsTweet947,Tweets,4,947,2016-03-89
User111TweetsTweet1065,Tweets,111,1065,2016-02-56
User58TweetsTweet502,Tweets,58,502,2016-08-235
User12TweetsTweet1121,Tweets,12,1121,2016-02-32
User137TweetsTweet781,Tweets,137,781,2016-05-126
User60TweetsTweet998,Tweets,60,998,2015-05-137
User79TweetsTweet1362,Tweets,79,1362,2016-08-243
User84TweetsTweet1117,Tweets,84,1117,2016-01-06
User39TweetsTweet663,Tweets,39,663,2016-03-73
User52TweetsTweet1566,Tweets,52,1566,2016-03-73
User58TweetsTweet490,Tweets,58,490,2016-09-248
User85TweetsTweet804,Tweets,85,804,2015-08-239
User42TweetsTweet715,Tweets,42,715,2016-07-187
User91TweetsTweet244,Tweets,91,244,2015-06-153
User80TweetsTweet293,Tweets,80,293,2015-12-347
User31TweetsTweet237,Tweets,31,237,2016-11-331
User102TweetsTweet466,Tweets,102,466,2016-08-232
User46TweetsTweet1595,Tweets,46,1595,2016-07-188
User41TweetsTweet1633,Tweets,41,1633,2015-02-35
User35TweetsTweet664,Tweets,35,664,2016-07-185
User35TweetsTweet815,Tweets,35,815,2015-07-183
User148TweetsTweet1293,Tweets,148,1293,2015-05-129
User78TweetsTweet1388,Tweets,78,1388,2016-11-334
User53TweetsTweet772,Tweets,53,772,2015-03-80
User129TweetsTweet889,Tweets,129,889,2016-10-301
User113TweetsTweet355,Tweets,113,355,2015-06-167
User12TweetsTweet1011,Tweets,12,1011,2016-11-335
User123TweetsTweet738,Tweets,123,738,2016-09-250
User125TweetsTweet1037,Tweets,125,1037,2016-02-51
User28TweetsTweet639,Tweets,28,639,2016-01-30
User114TweetsTweet708,Tweets,114,708,2016-07-200
User3TweetsTweet212,Tweets,3,212,2015-09-258
User109TweetsTweet191,Tweets,109,191,2016-08-242
User67TweetsTweet1547,Tweets,67,1547,2016-05-130
User77TweetsTweet413,Tweets,77,413,2015-10-290
User71TweetsTweet1341,Tweets,71,1341,2015-08-231
User19TweetsTweet1462,Tweets,19,1462,2016-12-357
User9TweetsTweet1531,Tweets,9,1531,2015-03-82
User118TweetsTweet272,Tweets,118,272,2016-04-114
User3TweetsTweet1525,Tweets,3,1525,2016-01-20
User143TweetsTweet189,Tweets,143,189,2015-05-150
User108TweetsTweet789,Tweets,108,789,2015-08-235
User28TweetsTweet773,Tweets,28,773,2015-10-288
User123TweetsTweet533,Tweets,123,533,2016-04-93
User76TweetsTweet997,Tweets,76,997,2015-01-18
User111TweetsTweet233,Tweets,111,233,2016-12-359
User25TweetsTweet774,Tweets,25,774,2016-12-359
User38TweetsTweet1383,Tweets,38,1383,2015-10-298
User132TweetsTweet1001,Tweets,132,1001,2016-07-200
User14TweetsTweet364,Tweets,14,364,2015-03-67
User137TweetsTweet855,Tweets,137,855,2016-02-50
User141TweetsTweet558,Tweets,141,558,2015-07-193
User121TweetsTweet1002,Tweets,121,1002,2015-10-284
User128TweetsTweet1144,Tweets,128,1144,2015-05-122
User130TweetsTweet837,Tweets,130,837,2016-07-204
User51TweetsTweet1175,Tweets,51,1175,2015-12-346
User63TweetsTweet1071,Tweets,63,1071,2016-02-39
User117TweetsTweet361,Tweets,117,361,2016-02-50
User133TweetsTweet1203,Tweets,133,1203,2015-10-284
User129TweetsTweet634,Tweets,129,634,2016-09-259
User128TweetsTweet881,Tweets,128,881,2015-09-246
User130TweetsTweet666,Tweets,130,666,2015-04-94
User81TweetsTweet938,Tweets,81,938,2015-05-138
User124TweetsTweet1471,Tweets,124,1471,2016-11-317
User14TweetsTweet1535,Tweets,14,1535,2016-12-363
User74TweetsTweet613,Tweets,74,613,2016-07-183
User17TweetsTweet907,Tweets,17,907,2015-11-326
User102TweetsTweet895,Tweets,102,895,2016-08-228
User66TweetsTweet1197,Tweets,66,1197,2015-12-348
User101TweetsTweet204,Tweets,101,204,2015-05-127
User138TweetsTweet510,Tweets,138,510,2015-02-50
User103TweetsTweet869,Tweets,103,869,2016-08-219
User56TweetsTweet691,Tweets,56,691,2016-05-123
User149TweetsTweet1305,Tweets,149,1305,2016-01-19
User8TweetsTweet335,Tweets,8,335,2015-06-155
User76TweetsTweet1404,Tweets,76,1404,2015-04-91
User60TweetsTweet1158,Tweets,60,1158,2015-09-260
User35TweetsTweet868,Tweets,35,868,2016-07-200
User32TweetsTweet649,Tweets,32,649,2015-04-105
User28TweetsTweet1417,Tweets,28,1417,2016-03-76
User25TweetsTweet1199,Tweets,25,1199,2015-03-85
User6TweetsTweet161,Tweets,6,161,2016-04-109
User100TweetsTweet388,Tweets,100,388,2015-06-165
User83TweetsTweet164,Tweets,83,164,2015-02-52
User56TweetsTweet709,Tweets,56,709,2015-01-07
User65TweetsTweet1147,Tweets,65,1147,2016-01-30
User77TweetsTweet686,Tweets,77,686,2015-08-239
User98TweetsTweet333,Tweets,98,333,2016-12-345
User122TweetsTweet925,Tweets,122,925,2016-05-138
User83TweetsTweet1072,Tweets,83,1072,2016-04-120
User78TweetsTweet1385,Tweets,78,1385,2016-04-100
User42TweetsTweet1496,Tweets,42,1496,2015-07-207
User25TweetsTweet292,Tweets,25,292,2015-07-208
User100TweetsTweet278,Tweets,100,278,2015-05-134
User137TweetsTweet767,Tweets,137,767,2016-06-177
User14TweetsTweet450,Tweets,14,450,2015-08-230
User107TweetsTweet325,Tweets,107,325,2016-11-309
User66TweetsTweet1627,Tweets,66,1627,2015-02-55
User74TweetsTweet979,Tweets,74,979,2015-01-12
User73TweetsTweet1335,Tweets,73,1335,2016-06-181
User62TweetsTweet839,Tweets,62,839,2016-09-265
User138TweetsTweet571,Tweets,138,571,2016-12-361
User30TweetsTweet444,Tweets,30,444,2016-07-212
User68TweetsTweet983,Tweets,68,983,2015-11-320
User32TweetsTweet876,Tweets,32,876,2016-02-59
User146TweetsTweet811,Tweets,146,811,2016-11-335
User12TweetsTweet617,Tweets,12,617,2015-12-357
User129TweetsTweet544,Tweets,129,544,2015-05-149
User33TweetsTweet944,Tweets,33,944,2016-09-251
User34TweetsTweet1609,Tweets,34,1609,2015-07-183
User63TweetsTweet822,Tweets,63,822,2015-07-200
User30TweetsTweet1254,Tweets,30,1254,2015-12-345
User40TweetsTweet699,Tweets,40,699,2015-11-310
User94TweetsTweet698,Tweets,94,698,2016-03-81
User137TweetsTweet220,Tweets,137,220,2016-11-334
User115TweetsTweet1056,Tweets,115,1056,2015-05-147
User98TweetsTweet919,Tweets,98,919,2016-07-195
User72TweetsTweet463,Tweets,72,463,2015-04-112
User135TweetsTweet542,Tweets,135,542,2015-09-250
User93TweetsTweet888,Tweets,93,888,2015-06-178
User142TweetsTweet736,Tweets,142,736,2016-06-168
User46TweetsTweet777,Tweets,46,777,2015-08-220
User27TweetsTweet1095,Tweets,27,1095,2015-10-303
User10TweetsTweet1143,Tweets,10,1143,2015-06-162
User115TweetsTweet1444,Tweets,115,1444,2015-03-80
User83TweetsTweet442,Tweets,83,442,2016-08-216
User138TweetsTweet990,Tweets,138,990,2016-07-188
User121TweetsTweet1377,Tweets,121,1377,2016-04-107
User19TweetsTweet969,Tweets,19,969,2016-02-57
User128TweetsTweet216,Tweets,128,216,2016-05-150
User1TweetsTweet1452,Tweets,1,1452,2016-03-85
User51TweetsTweet628,Tweets,51,628,2016-09-274
User124TweetsTweet262,Tweets,124,262,2015-01-20
User10TweetsTweet857,Tweets,10,857,2015-11-327
User33TweetsTweet965,Tweets,33,965,2015-11-316
User102TweetsTweet1097,Tweets,102,1097,2015-12-342
User44TweetsTweet401,Tweets,44,401,2015-09-263
User147TweetsTweet672,Tweets,147,672,2016-01-24
User126TweetsTweet816,Tweets,126,816,2016-08-234
User149TweetsTweet1184,Tweets,149,1184,2016-01-15
User67TweetsTweet1399,Tweets,67,1399,2015-03-87
User81TweetsTweet1640,Tweets,81,1640,2015-05-129
User135TweetsTweet700,Tweets,135,700,2015-05-139
User106TweetsTweet1632,Tweets,106,1632,2015-10-290
User121TweetsTweet1249,Tweets,121,1249,2015-07-205
User73TweetsTweet525,Tweets,73,525,2016-03-66
User148TweetsTweet1227,Tweets,148,1227,2016-10-295
User61TweetsTweet190,Tweets,61,190,2016-03-77
User130TweetsTweet579,Tweets,130,579,2016-05-124
User79TweetsTweet527,Tweets,79,527,2016-09-249
User133TweetsTweet843,Tweets,133,843,2015-03-90
User59TweetsTweet798,Tweets,59,798,2016-07-192
User43TweetsTweet1118,Tweets,43,1118,2016-08-222
User40TweetsTweet1292,Tweets,40,1292,2016-09-260
User125TweetsTweet1572,Tweets,125,1572,2015-03-81
User42TweetsTweet1049,Tweets,42,1049,2015-10-278
User16TweetsTweet733,Tweets,16,733,2016-07-204
User83TweetsTweet1603,Tweets,83,1603,2016-09-249
User143TweetsTweet1447,Tweets,143,1447,2016-03-76
User96TweetsTweet1219,Tweets,96,1219,2016-11-317
User67TweetsTweet1476,Tweets,67,1476,2016-01-08
User141TweetsTweet1645,Tweets,141,1645,2015-03-62
User70TweetsTweet640,Tweets,70,640,2015-05-136
User82TweetsTweet874,Tweets,82,874,2015-01-28
User60TweetsTweet1451,Tweets,60,1451,2015-09-252
User12TweetsTweet1339,Tweets,12,1339,2015-04-96
User148TweetsTweet657,Tweets,148,657,2016-01-26
User110TweetsTweet1635,Tweets,110,1635,2015-11-328
User129TweetsTweet1494,Tweets,129,1494,2016-01-29
User18TweetsTweet1053,Tweets,18,1053,2015-03-62
User5TweetsTweet1440,Tweets,5,1440,2016-05-150
User73TweetsTweet1524,Tweets,73,1524,2016-11-313
User98TweetsTweet1355,Tweets,98,1355,2015-05-144
User84TweetsTweet1649,Tweets,84,1649,2015-07-209
User75TweetsTweet1576,Tweets,75,1576,2015-07-200
User33TweetsTweet1621,Tweets,33,1621,2015-05-142
User126TweetsTweet503,Tweets,126,503,2015-11-310
User83TweetsTweet175,Tweets,83,175,2015-07-203
User60TweetsTweet329,Tweets,60,329,2016-03-73
User138TweetsTweet1204,Tweets,138,1204,2016-10-286
User105TweetsTweet1159,Tweets,105,1159,2016-01-19
User43TweetsTweet1090,Tweets,43,1090,2016-04-106
User75TweetsTweet300,Tweets,75,300,2015-10-298
User30TweetsTweet307,Tweets,30,307,2016-11-319
User90TweetsTweet1167,Tweets,90,1167,2016-12-366
User60TweetsTweet1243,Tweets,60,1243,2016-01-08
User14TweetsTweet999,Tweets,14,999,2016-03-73
User69TweetsTweet479,Tweets,69,479,2015-06-160
User103TweetsTweet160,Tweets,103,160,2015-05-128
User145TweetsTweet710,Tweets,145,710,2016-06-164
User133TweetsTweet1251,Tweets,133,1251,2016-04-103
User90TweetsTweet1563,Tweets,90,1563,2015-07-205
User75TweetsTweet365,Tweets,75,365,2015-06-158
User107TweetsTweet1245,Tweets,107,1245,2016-05-141
User124TweetsTweet1593,Tweets,124,1593,2015-10-303
User90TweetsTweet1520,Tweets,90,1520,2015-05-135
User126TweetsTweet819,Tweets,126,819,2015-12-336
User25TweetsTweet805,Tweets,25,805,2015-09-266
User102TweetsTweet1602,Tweets,102,1602,2016-03-84
User50TweetsTweet1085,Tweets,50,1085,2016-04-96
User99TweetsTweet258,Tweets,99,258,2016-06-158
User147TweetsTweet1473,Tweets,147,1473,2015-08-232
User37TweetsTweet1101,Tweets,37,1101,2015-02-56
User72TweetsTweet1022,Tweets,72,1022,2016-01-02
User57TweetsTweet803,Tweets,57,803,2015-06-180
User138TweetsTweet1019,Tweets,138,1019,2016-02-49
User29TweetsTweet747,Tweets,29,747,2015-06-155
User121TweetsTweet1287,Tweets,121,1287,2015-10-290
User141TweetsTweet560,Tweets,141,560,2016-08-238
User99TweetsTweet1457,Tweets,99,1457,2016-05-146
User99TweetsTweet845,Tweets,99,845,2015-05-124
User58TweetsTweet1164,Tweets,58,1164,2016-01-20
User127TweetsTweet1169,Tweets,127,1169,2016-02-44
User23TweetsTweet705,Tweets,23,705,2016-01-25
User21TweetsTweet397,Tweets,21,397,2015-04-117
User87TweetsTweet1307,Tweets,87,1307,2015-10-282
User112TweetsTweet1497,Tweets,112,1497,2016-04-99
User87TweetsTweet494,Tweets,87,494,2016-06-180
User16TweetsTweet673,Tweets,16,673,2015-01-22
User54TweetsTweet532,Tweets,54,532,2016-12-366
User126TweetsTweet1459,Tweets,126,1459,2015-07-184
User87TweetsTweet480,Tweets,87,480,2015-12-336
User118TweetsTweet1346,Tweets,118,1346,2016-04-116
User103TweetsTweet441,Tweets,103,441,2016-01-05
User98TweetsTweet172,Tweets,98,172,2015-10-279
User42TweetsTweet1614,Tweets,42,1614,2015-05-143
User90TweetsTweet1426,Tweets,90,1426,2016-04-103
User130TweetsTweet960,Tweets,130,960,2015-12-346
User108TweetsTweet821,Tweets,108,821,2016-01-07
User140TweetsTweet394,Tweets,140,394,2016-12-362
User29TweetsTweet934,Tweets,29,934,2015-09-263
User14TweetsTweet519,Tweets,14,519,2016-03-72
User85TweetsTweet452,Tweets,85,452,2015-03-85
User61TweetsTweet1378,Tweets,61,1378,2015-07-192
User15TweetsTweet971,Tweets,15,971,2015-04-115
User66TweetsTweet1274,Tweets,66,1274,2016-10-287
User61TweetsTweet224,Tweets,61,224,2016-07-197
User33TweetsTweet1314,Tweets,33,1314,2016-10-302
User72TweetsTweet729,Tweets,72,729,2016-04-96
User85TweetsTweet1397,Tweets,85,1397,2016-07-209
User5TweetsTweet1618,Tweets,5,1618,2016-05-127
User82TweetsTweet1165,Tweets,82,1165,2016-08-236
User31TweetsTweet757,Tweets,31,757,2016-03-77
User31TweetsTweet501,Tweets,31,501,2016-06-180
User108TweetsTweet1229,Tweets,108,1229,2016-11-315
User63TweetsTweet853,Tweets,63,853,2015-05-128
User59TweetsTweet1181,Tweets,59,1181,2015-11-313
User91TweetsTweet1294,Tweets,91,1294,2016-11-335
User122TweetsTweet1028,Tweets,122,1028,2015-01-14
User12TweetsTweet1025,Tweets,12,1025,2016-02-34
User9TweetsTweet972,Tweets,9,972,2016-11-314
User4TweetsTweet215,Tweets,4,215,2016-10-301
User6TweetsTweet1608,Tweets,6,1608,2015-01-25
User135TweetsTweet306,Tweets,135,306,2016-09-263
User116TweetsTweet1238,Tweets,116,1238,2015-03-79
User15TweetsTweet1213,Tweets,15,1213,2015-01-23
User8TweetsTweet231,Tweets,8,231,2016-06-170
User17TweetsTweet901,Tweets,17,901,2015-03-71
User50TweetsTweet345,Tweets,50,345,2016-04-116
User47TweetsTweet1288,Tweets,47,1288,2016-09-272
User120TweetsTweet1359,Tweets,120,1359,2015-10-294
User12TweetsTweet1054,Tweets,12,1054,2016-03-64
User91TweetsTweet1539,Tweets,91,1539,2015-09-254
User42TweetsTweet1100,Tweets,42,1100,2016-11-334
User85TweetsTweet1486,Tweets,85,1486,2015-03-90
User45TweetsTweet200,Tweets,45,200,2016-08-243
User67TweetsTweet629,Tweets,67,629,2016-08-225
User107TweetsTweet1606,Tweets,107,1606,2016-03-63
User103TweetsTweet515,Tweets,103,515,2016-05-143
User132TweetsTweet500,Tweets,132,500,2016-06-154
User115TweetsTweet1202,Tweets,115,1202,2015-12-344
User38TweetsTweet206,Tweets,38,206,2015-02-52
User18TweetsTweet722,Tweets,18,722,2016-12-364
User22TweetsTweet1612,Tweets,22,1612,2016-07-206
User146TweetsTweet1129,Tweets,146,1129,2016-07-186
User90TweetsTweet1644,Tweets,90,1644,2015-02-46
User102TweetsTweet289,Tweets,102,289,2016-06-160
User143TweetsTweet1422,Tweets,143,1422,2016-07-196
User31TweetsTweet360,Tweets,31,360,2016-03-75
User140TweetsTweet1596,Tweets,140,1596,2015-02-32
User39TweetsTweet493,Tweets,39,493,2016-10-303
User49TweetsTweet1327,Tweets,49,1327,2016-11-320
User134TweetsTweet955,Tweets,134,955,2015-03-84
User52TweetsTweet439,Tweets,52,439,2015-09-253
User23TweetsTweet1528,Tweets,23,1528,2015-07-210
User60TweetsTweet658,Tweets,60,658,2015-08-217
User38TweetsTweet1078,Tweets,38,1078,2016-11-323
User57TweetsTweet595,Tweets,57,595,2015-11-329
User67TweetsTweet1365,Tweets,67,1365,2016-05-148
User86TweetsTweet331,Tweets,86,331,2016-04-120
User127TweetsTweet599,Tweets,127,599,2015-07-205
User120TweetsTweet744,Tweets,120,744,2015-06-174
User20TweetsTweet1017,Tweets,20,1017,2015-09-258
User12TweetsTweet1157,Tweets,12,1157,2015-05-148
User115TweetsTweet1098,Tweets,115,1098,2016-09-245
User46TweetsTweet1179,Tweets,46,1179,2016-07-213
User17TweetsTweet909,Tweets,17,909,2016-11-330
User132TweetsTweet892,Tweets,132,892,2016-05-152
User4TweetsTweet156,Tweets,4,156,2015-01-02
User113TweetsTweet713,Tweets,113,713,2016-07-200
User103TweetsTweet1567,Tweets,103,1567,2016-08-224
User2TweetsTweet1033,Tweets,2,1033,2016-05-142
User1TweetsTweet1597,Tweets,1,1597,2016-07-203
User72TweetsTweet445,Tweets,72,445,2015-03-76
User14TweetsTweet835,Tweets,14,835,2015-08-242
User52TweetsTweet1381,Tweets,52,1381,2015-08-219
User102TweetsTweet1057,Tweets,102,1057,2016-05-137
User142TweetsTweet1478,Tweets,142,1478,2016-08-226
User45TweetsTweet728,Tweets,45,728,2015-03-67
User83TweetsTweet158,Tweets,83,158,2016-12-365
User105TweetsTweet1398,Tweets,105,1398,2016-09-258
User134TweetsTweet326,Tweets,134,326,2016-12-347
User19TweetsTweet472,Tweets,19,472,2015-11-305
User148TweetsTweet1342,Tweets,148,1342,2016-10-305
User70TweetsTweet577,Tweets,70,577,2016-08-234
User123TweetsTweet927,Tweets,123,927,2015-03-76
User138TweetsTweet893,Tweets,138,893,2016-12-339
User33TweetsTweet1145,Tweets,33,1145,2015-12-356
User132TweetsTweet1136,Tweets,132,1136,2015-10-298
User108TweetsTweet328,Tweets,108,328,2016-03-73
User83TweetsTweet1280,Tweets,83,1280,2016-10-300
User8TweetsTweet238,Tweets,8,238,2016-02-53
User131TweetsTweet303,Tweets,131,303,2016-08-216
User69TweetsTweet367,Tweets,69,367,2016-11-317
User19TweetsTweet260,Tweets,19,260,2015-01-09
User88TweetsTweet1318,Tweets,88,1318,2015-12-336
User43TweetsTweet1369,Tweets,43,1369,2016-10-294
User110TweetsTweet964,Tweets,110,964,2016-04-109
User138TweetsTweet1126,Tweets,138,1126,2015-06-169
User128TweetsTweet1023,Tweets,128,1023,2016-07-213
User64TweetsTweet1584,Tweets,64,1584,2016-07-192
User20TweetsTweet1281,Tweets,20,1281,2016-06-172
User133TweetsTweet1323,Tweets,133,1323,2015-01-30
User88TweetsTweet280,Tweets,88,280,2016-11-335
User3TweetsTweet633,Tweets,3,633,2016-03-85
User120TweetsTweet1650,Tweets,120,1650,2016-06-155
User49TweetsTweet474,Tweets,49,474,2015-04-116
User106TweetsTweet898,Tweets,106,898,2016-04-100
User116TweetsTweet549,Tweets,116,549,2015-01-25
User135TweetsTweet318,Tweets,135,318,2016-05-126
User60TweetsTweet1594,Tweets,60,1594,2015-09-260
User123TweetsTweet678,Tweets,123,678,2016-12-362
User86TweetsTweet724,Tweets,86,724,2015-07-190
User76TweetsTweet1043,Tweets,76,1043,2015-08-239
User57TweetsTweet1393,Tweets,57,1393,2016-09-272
User73TweetsTweet1196,Tweets,73,1196,2015-08-223
User22TweetsTweet1624,Tweets,22,1624,2016-06-174
User52TweetsTweet183,Tweets,52,183,2015-07-205
User84TweetsTweet1354,Tweets,84,1354,2015-01-11
User110TweetsTweet1190,Tweets,110,1190,2015-11-329
User137TweetsTweet605,Tweets,137,605,2016-07-208
User30TweetsTweet505,Tweets,30,505,2016-10-303
User64TweetsTweet1062,Tweets,64,1062,2016-06-170
User116TweetsTweet1364,Tweets,116,1364,2015-07-191
User143TweetsTweet1384,Tweets,143,1384,2016-08-238
User72TweetsTweet824,Tweets,72,824,2016-10-295
User108TweetsTweet1137,Tweets,108,1137,2015-09-269
User9TweetsTweet737,Tweets,9,737,2015-02-56
User2TweetsTweet609,Tweets,2,609,2015-12-341
User94TweetsTweet1586,Tweets,94,1586,2015-02-50
User111TweetsTweet308,Tweets,111,308,2015-12-343
User19TweetsTweet454,Tweets,19,454,2015-03-86
User60TweetsTweet1087,Tweets,60,1087,2016-10-287
User57TweetsTweet271,Tweets,57,271,2016-09-254
User31TweetsTweet1142,Tweets,31,1142,2016-01-20
User134TweetsTweet1060,Tweets,134,1060,2016-11-322
User48TweetsTweet1544,Tweets,48,1544,2015-04-110
User76TweetsTweet1048,Tweets,76,1048,2016-02-59
User7TweetsTweet1363,Tweets,7,1363,2016-06-159
User44TweetsTweet790,Tweets,44,790,2016-10-284
User89TweetsTweet917,Tweets,89,917,2015-07-197
User30TweetsTweet825,Tweets,30,825,2016-08-231
User38TweetsTweet254,Tweets,38,254,2015-09-257
User66TweetsTweet1115,Tweets,66,1115,2016-01-17
User134TweetsTweet1077,Tweets,134,1077,2016-07-190
User96TweetsTweet1509,Tweets,96,1509,2015-09-254
User144TweetsTweet1309,Tweets,144,1309,2016-07-186
User9TweetsTweet1233,Tweets,9,1233,2016-01-19
User103TweetsTweet323,Tweets,103,323,2015-09-245
User83TweetsTweet1575,Tweets,83,1575,2015-05-145
User63TweetsTweet341,Tweets,63,341,2016-08-216
User121TweetsTweet669,Tweets,121,669,2015-02-51
User25TweetsTweet1379,Tweets,25,1379,2016-03-61
User6TweetsTweet704,Tweets,6,704,2016-08-217
User128TweetsTweet758,Tweets,128,758,2016-11-315
User141TweetsTweet751,Tweets,141,751,2015-10-275
User117TweetsTweet1599,Tweets,117,1599,2016-11-320
User116TweetsTweet312,Tweets,116,312,2016-11-307
User101TweetsTweet1329,Tweets,101,1329,2016-05-133
User25TweetsTweet568,Tweets,25,568,2016-03-67
User99TweetsTweet1303,Tweets,99,1303,2016-08-220
User25TweetsTweet499,Tweets,25,499,2015-03-71
User119TweetsTweet1564,Tweets,119,1564,2015-04-109
User113TweetsTweet675,Tweets,113,675,2015-09-259
User128TweetsTweet266,Tweets,128,266,2016-07-187
User60TweetsTweet1170,Tweets,60,1170,2016-04-105
User83TweetsTweet1208,Tweets,83,1208,2016-03-70
User3TweetsTweet834,Tweets,3,834,2015-07-188
User120TweetsTweet563,Tweets,120,563,2015-12-348
User28TweetsTweet904,Tweets,28,904,2015-01-21
User58TweetsTweet1123,Tweets,58,1123,2015-09-267
User149TweetsTweet582,Tweets,149,582,2016-07-204
User133TweetsTweet956,Tweets,133,956,2016-03-87
User99TweetsTweet1015,Tweets,99,1015,2015-11-321
User41TweetsTweet1122,Tweets,41,1122,2016-12-348
User105TweetsTweet586,Tweets,105,586,2015-04-96
User64TweetsTweet461,Tweets,64,461,2016-06-172
User140TweetsTweet1590,Tweets,140,1590,2015-01-29
User102TweetsTweet169,Tweets,102,169,2016-07-190
User146TweetsTweet808,Tweets,146,808,2015-10-300
User65TweetsTweet187,Tweets,65,187,2016-02-55
User48TweetsTweet1127,Tweets,48,1127,2016-08-232
User80TweetsTweet432,Tweets,80,432,2016-01-26
User3TweetsTweet495,Tweets,3,495,2016-02-53
User84TweetsTweet1256,Tweets,84,1256,2015-01-01
User13TweetsTweet1643,Tweets,13,1643,2015-06-162
User19TweetsTweet404,Tweets,19,404,2016-05-122
User11TweetsTweet473,Tweets,11,473,2016-12-361
User3TweetsTweet1410,Tweets,3,1410,2016-07-201
User121TweetsTweet842,Tweets,121,842,2016-07-193
User132TweetsTweet1316,Tweets,132,1316,2016-01-07
User143TweetsTweet242,Tweets,143,242,2015-01-15
User6TweetsTweet734,Tweets,6,734,2016-05-139
User129TweetsTweet677,Tweets,129,677,2015-04-94
User84TweetsTweet1413,Tweets,84,1413,2015-09-253
User48TweetsTweet1382,Tweets,48,1382,2015-04-117
User96TweetsTweet1225,Tweets,96,1225,2015-06-177
User35TweetsTweet1141,Tweets,35,1141,2015-07-198
User70TweetsTweet793,Tweets,70,793,2015-12-342
User47TweetsTweet689,Tweets,47,689,2016-05-126
User135TweetsTweet314,Tweets,135,314,2016-05-129
User9TweetsTweet687,Tweets,9,687,2016-07-197
User88TweetsTweet1000,Tweets,88,1000,2016-10-282
User85TweetsTweet1628,Tweets,85,1628,2015-11-325
User121TweetsTweet524,Tweets,121,524,2016-12-347
User58TweetsTweet390,Tweets,58,390,2016-02-57
User73TweetsTweet676,Tweets,73,676,2016-08-240
User3TweetsTweet1012,Tweets,3,1012,2015-05-150
User1TweetsTweet411,Tweets,1,411,2016-10-305
User1TweetsTweet165,Tweets,1,165,2016-03-90
User1TweetsTweet182,Tweets,1,182,2015-10-286
User1TweetsTweet578,Tweets,1,578,2015-07-206
User1TweetsTweet1347,Tweets,1,1347,2016-12-361
User1TweetsTweet1217,Tweets,1,1217,2015-06-165
User1TweetsTweet1409,Tweets,1,1409,2016-12-342
User1TweetsTweet1075,Tweets,1,1075,2016-03-85
User1TweetsTweet641,Tweets,1,641,2016-03-66
User1TweetsTweet859,Tweets,1,859,2015-03-88
User1TweetsTweet1616,Tweets,1,1616,2016-12-361
User1TweetsTweet1091,Tweets,1,1091,2016-04-99
User1TweetsTweet1577,Tweets,1,1577,2016-01-12
User1TweetsTweet359,Tweets,1,359,2016-12-360
User1TweetsTweet395,Tweets,1,395,2015-09-254
User1TweetsTweet301,Tweets,1,301,2015-08-238
User1TweetsTweet1205,Tweets,1,1205,2015-08-227
User1TweetsTweet932,Tweets,1,932,2015-07-187
User1TweetsTweet1455,Tweets,1,1455,2016-11-314
User1TweetsTweet356,Tweets,1,356,2015-06-158
User1TweetsTweet1317,Tweets,1,1317,2016-05-138
User1TweetsTweet386,Tweets,1,386,2015-10-285
User1TweetsTweet1537,Tweets,1,1537,2016-10-303
User1TweetsTweet1232,Tweets,1,1232,2015-11-305
User1TweetsTweet1244,Tweets,1,1244,2015-10-275
User1TweetsTweet735,Tweets,1,735,2016-04-106
User1TweetsTweet343,Tweets,1,343,2015-12-347
User1TweetsTweet1512,Tweets,1,1512,2016-01-27
User1TweetsTweet1156,Tweets,1,1156,2015-07-197
User1TweetsTweet1148,Tweets,1,1148,2016-11-317
User1TweetsTweet1279,Tweets,1,1279,2016-07-202
User1TweetsTweet1482,Tweets,1,1482,2015-12-358
User1TweetsTweet1617,Tweets,1,1617,2015-02-37
User1TweetsTweet643,Tweets,1,643,2016-12-350
User1TweetsTweet327,Tweets,1,327,2016-08-228
User1TweetsTweet298,Tweets,1,298,2016-05-134
User1TweetsTweet1631,Tweets,1,1631,2016-12-342
User1TweetsTweet545,Tweets,1,545,2015-10-299
User1TweetsTweet1637,Tweets,1,1637,2016-11-311
User1TweetsTweet1514,Tweets,1,1514,2015-12-347
User1TweetsTweet849,Tweets,1,849,2016-12-341
User1TweetsTweet1008,Tweets,1,1008,2015-06-170
User1TweetsTweet1236,Tweets,1,1236,2015-06-158
User1TweetsTweet1371,Tweets,1,1371,2016-12-366
User1TweetsTweet1435,Tweets,1,1435,2016-01-08
User1TweetsTweet282,Tweets,1,282,2015-04-112
User1TweetsTweet1186,Tweets,1,1186,2015-02-47
User1TweetsTweet1313,Tweets,1,1313,2015-04-112
User1TweetsTweet1230,Tweets,1,1230,2015-08-232
User1TweetsTweet900,Tweets,1,900,2016-08-227
