"~id",name,RegisteredDate,notification,usercity,~label
1,Dallin Hudson,2013-06-173,Both,Port Willard,User
2,Sibyl Bailey,2008-11-318,Email,South Janniemouth,User
3,Dr. Jerrell Fahey,2014-04-108,Both,Lake Arianna,User
4,Dr. Maribel Turcotte,2005-11-317,Both,Alisaberg,User
5,Mr. Lilyan Christiansen,2003-08-226,Both,New Unaton,User
6,Marie Considine II,2014-06-161,Both,South Mathewmouth,User
7,Krystal Dickens,2007-12-347,SMS,Charlottemouth,User
8,Cleta Murphy,2004-12-357,SMS,Cieloview,User
9,Rosalinda Smitham,2006-07-196,Both,East Florida,User
10,Peyton Christiansen,2007-10-301,SMS,Lake Braulio,User
11,Norval Torphy,2009-12-365,SMS,Zacheryton,User
12,Christelle Hermiston,2005-10-281,Both,New Clarabelle,User
13,Jordy Kulas,2014-04-118,Email,Micaelatown,User
14,Lucinda Weber,2014-06-175,SMS,Krajcikton,User
15,Percy Davis,2012-09-251,SMS,Shaynefurt,User
16,Dr. Fredrick Okuneva,2007-08-214,SMS,Harveyside,User
17,Ms. Rosalee Abshire,2011-11-322,Both,West Elvera,User
18,Carson Eichmann,2004-10-286,Email,New Betteberg,User
19,Mr. Reuben Dickens,2007-01-04,Email,Lake Joyshire,User
20,Ms. Jayme Hoeger,2006-11-308,SMS,New Aron,User
21,Alize Pfannerstill,2003-07-199,Both,Feestbury,User
22,Hilda Windler,2008-01-28,SMS,South Chanceshire,User
23,Ceasar Nicolas,2005-11-314,Both,Lake Vestashire,User
24,Mrs. Maynard Mann,2010-01-31,SMS,Port Rosella,User
25,Yadira Friesen,2014-05-133,Both,Hoppeberg,User
26,Julio Kuvalis,2006-10-282,Both,Bradtkeburgh,User
27,Diego Erdman,2005-06-179,SMS,Barryborough,User
28,Zora Lueilwitz,2008-05-145,Both,North Carolina,User
29,Leonardo Kozey,2011-09-260,Both,East Alexandria,User
30,Columbus Welch,2005-03-82,Both,Lake Susannaland,User
31,Jarvis Volkman,2004-04-96,SMS,South Camyllefurt,User
32,Jarod Bartoletti Sr.,2014-04-96,Email,Elvabury,User
33,Harry Herman,2011-02-47,SMS,Nitzscheport,User
34,Gladyce Wolf,2004-05-126,SMS,Feesthaven,User
35,Marge Gusikowski,2003-11-313,Both,New Merrittview,User
36,Donato Hintz DVM,2011-05-136,Email,Quentintown,User
37,Samara Harvey DDS,2006-01-06,SMS,Richardtown,User
38,Lesley Skiles,2010-02-41,Both,Jerodstad,User
39,Harmony Fisher,2005-01-03,Both,Labadieburgh,User
40,Miss Eulah Ledner,2004-12-359,Both,South Celia,User
41,Minerva Stroman,2004-03-64,SMS,East Carastad,User
42,Leta Anderson,2006-09-248,SMS,Langworthside,User
43,Rosella Gusikowski,2006-08-234,Both,Port Arthur,User
44,Kira Bradtke,2009-01-07,SMS,Doylemouth,User
45,Coty Ward,2005-03-77,SMS,Everettmouth,User
46,Mona Kutch,2004-12-345,Both,Altafurt,User
47,Mr. Rita Mann,2012-03-79,Both,Port Estellashire,User
48,Clovis Ledner MD,2013-06-159,Email,Lake Isabelle,User
49,Hunter Toy,2012-08-241,Both,Manteton,User
50,Miss Doug West,2014-07-196,SMS,McGlynnfort,User
51,Eleanora Kunze,2009-04-101,SMS,Port Tayaton,User
52,Mrs. Polly Walter,2005-08-232,SMS,New Vernachester,User
53,Birdie Predovic,2013-11-327,SMS,East Lisa,User
54,Colten Dooley,2005-11-309,Email,Port Alvena,User
55,Raul Breitenberg,2013-01-11,SMS,Boscoberg,User
56,Christine Brakus,2004-09-246,Both,Port Micaela,User
57,Jevon Jacobs,2014-12-363,SMS,South Alba,User
58,Kenyatta Sawayn,2006-03-89,SMS,Johnsonton,User
59,Malcolm Dare Jr.,2014-11-321,Email,West Kaylahfort,User
60,Christophe Farrell III,2005-09-247,Both,Shakirabury,User
61,Dr. Easter Yost,2014-05-128,SMS,New Caleview,User
62,Ivory Mertz,2007-07-199,Both,Lake Armaniberg,User
63,Addison Paucek,2009-04-111,SMS,South Durward,User
64,Kathryn Blick,2004-02-36,Email,North Barbaratown,User
65,Brandon Metz,2009-03-84,SMS,Konopelskishire,User
66,Bryon Gerhold,2011-08-240,SMS,Lake Brendan,User
67,Chaz Balistreri,2012-02-47,SMS,Pourosland,User
68,Jerome Fahey,2010-10-304,SMS,Lake Rick,User
69,Ms. Gladys Murray,2013-09-244,SMS,West Jeromy,User
70,Susan Huels,2012-07-202,SMS,Archfort,User
71,Mr. Rebecca Romaguera,2006-05-138,Both,Emmanuellemouth,User
72,Emmett Hickle I,2004-03-71,Both,Port Maybellebury,User
73,Vernon Altenwerth V,2003-05-132,Email,North Grant,User
74,Nelda Stoltenberg,2004-02-52,SMS,West Kayleebury,User
75,Claudie Powlowski,2008-06-175,SMS,Prosaccomouth,User
76,Fae White DVM,2013-05-140,Email,Alexandriaport,User
77,Casimir Huels,2010-01-27,Both,Torpport,User
78,Clyde Simonis,2012-07-188,Both,South Laurine,User
79,Major Fisher,2003-01-02,Both,East Violastad,User
80,Iliana Stehr,2011-04-96,Email,Antwonberg,User
81,Dean Collins V,2013-05-143,Email,South Bennyburgh,User
82,Clara Mann,2013-04-103,Email,Keelingtown,User
83,Katrina Torphy MD,2007-01-29,Email,North Anyabury,User
84,Nolan Rath,2006-06-157,Both,West Sonya,User
85,Mrs. Misael Gerlach,2013-11-331,Email,Sandraport,User
86,Kamryn Orn,2008-11-332,Email,West Deanfurt,User
87,Patrick Jast III,2003-05-138,Both,Terryborough,User
88,Reva Block PhD,2007-02-49,Email,West Matteo,User
89,Letha Spinka,2009-07-210,Both,Gilbertville,User
90,Freddy Koss II,2012-04-120,Both,West Pascaleburgh,User
91,Orlando Goodwin I,2008-05-146,Both,Schulistside,User
92,Rae Sporer,2006-07-182,Both,Kerlukeland,User
93,Mr. Aleen O'Reilly,2003-06-169,SMS,West Chaimfort,User
94,Austin Romaguera,2011-06-178,Email,Lake Romaine,User
95,Shanna Lehner,2013-04-120,Email,South Mortimertown,User
96,Margaret Simonis,2004-06-171,SMS,Devenstad,User
97,Mr. Duane Orn,2012-01-24,SMS,Port Arnold,User
98,Jovanny Deckow,2014-11-322,SMS,East Jules,User
99,Aurore Stracke,2010-03-65,Email,Boganton,User
100,Maximillia Kuvalis DDS,2013-04-94,SMS,Pourosfurt,User
101,Dr. Victor Dickens,2013-12-354,SMS,Andreland,User
102,Enos Wiza,2005-03-79,Both,Rogahnside,User
103,Davion O'Connell,2013-10-293,Both,Jaskolskibury,User
104,Doyle Schaefer IV,2013-08-234,Email,Port Taylorfort,User
105,Gardner Braun,2010-04-113,Both,South Nicholeville,User
106,Vada Nicolas,2005-05-129,SMS,Faestad,User
107,Twila Stark DDS,2004-02-46,SMS,Muellershire,User
108,Daija Stokes,2004-02-56,SMS,Gutmannstad,User
109,Mr. Reuben Crist,2010-05-148,Both,Bartolettiborough,User
110,Albina Hansen,2003-08-243,Email,North Joelle,User
111,Nickolas Rutherford,2012-05-128,Email,Izaiahhaven,User
112,Luciano Herman V,2011-12-353,SMS,Lake Stephon,User
113,Ruthe Gutkowski,2009-01-31,Email,Lake Louieside,User
114,Forrest Champlin,2010-12-362,Email,Itzelbury,User
115,Judge Kessler,2004-05-143,Both,Krisport,User
116,Ms. Art Abernathy,2009-04-97,Both,West Trenton,User
117,Dr. Caitlyn Maggio,2007-05-151,Both,North Edison,User
118,Casimir Herzog,2010-08-223,Email,Harbermouth,User
119,Clara Wilkinson,2008-12-341,SMS,West Laura,User
120,Dr. Valentine Walker,2004-10-302,Both,South Nickside,User
121,Elva Schmitt,2012-09-258,SMS,Rubenland,User
122,Mervin Wunsch,2004-11-330,SMS,South Dock,User
123,Marjorie Monahan,2006-08-227,SMS,Aylaland,User
124,Bianka Bradtke,2004-10-294,SMS,Landenbury,User
125,Camryn Beahan I,2008-06-159,Email,South Niko,User
126,Carmen Auer V,2011-02-53,SMS,Everettburgh,User
127,Felipa Ferry Sr.,2009-09-255,Email,Wymanview,User
128,Friedrich Abernathy,2006-08-240,SMS,South Brainstad,User
129,Retta Littel,2008-09-274,SMS,Gabriellastad,User
130,Nadia Sporer,2014-04-103,Email,Port Amayafort,User
131,Neoma Oberbrunner,2008-04-104,Both,Marinatown,User
132,Nicholas Littel,2007-11-322,SMS,East Willa,User
133,Jayce Yundt,2008-01-02,Email,Mertzfurt,User
134,Gussie Koepp,2013-09-267,Email,Kelliberg,User
135,Miss Rachael Harvey,2004-07-211,SMS,Deshawnmouth,User
136,Neva Kshlerin,2014-10-287,Both,Roobchester,User
137,Daisy Terry,2013-10-278,SMS,Lake Kristin,User
138,Mellie Oberbrunner,2005-09-256,SMS,West Bayleeview,User
139,Ms. Diamond Shields,2006-04-108,Both,North Oran,User
140,Richmond VonRueden,2003-04-101,Both,North Chester,User
141,Gustave Jacobs,2012-03-73,SMS,Port Grover,User
142,Oswaldo Schimmel,2003-04-107,SMS,East Vena,User
143,Hailey Hettinger,2013-11-326,Email,Port Concepcionhaven,User
144,Marlee O'Keefe PhD,2012-05-139,SMS,North Shawna,User
145,Amira Schamberger,2007-11-328,Both,West Isidro,User
146,Dedric Fritsch,2007-09-268,Both,New Lavonnechester,User
147,Ludwig Breitenberg,2008-01-01,Both,New Gracielamouth,User
148,Zion Emard,2003-10-304,SMS,Lake Coty,User
149,Ms. Marisol Hintz,2011-01-12,SMS,East Waltonville,User
150,Maymie Dicki IV,2009-10-296,Email,South Everardochester,User
